entry_time,exit_time,direction,lots,entry_price,exit_price,sl,tp,pnl,exit_reason,strategy,bars_held
2025-08-04 14:00:00,2025-08-04 19:00:00,BUY,0.5,0.64818,0.64614,0.64618,0.65218,-102.0,SL,regime_weighted_vote,5
2025-08-05 12:00:00,2025-08-05 19:00:00,SELL,0.49,0.64571,0.64775,0.64771,0.64171,-99.96,SL,regime_weighted_vote,7
2025-08-05 20:00:00,2025-08-07 07:00:00,BUY,0.48,0.64748,0.65144,0.64548,0.65148,190.08,TP,regime_weighted_vote,35
2025-08-07 11:00:00,2025-08-07 17:00:00,BUY,0.49,0.65308,0.65104,0.65108,0.65708,-99.96,SL,regime_weighted_vote,6
2025-08-08 07:00:00,2025-08-11 15:00:00,BUY,0.49,0.65216,0.65012,0.65016,0.65616,-99.96,SL,regime_weighted_vote,32
2025-08-12 06:00:00,2025-08-12 08:00:00,BUY,0.48,0.65182,0.64978,0.64982,0.65582,-97.92,SL,regime_weighted_vote,2
2025-08-11 15:00:00,2025-08-12 18:00:00,SELL,0.48,0.65055,0.65259,0.65255,0.64655,-97.92,SL,regime_weighted_vote,27
2025-08-13 03:00:00,2025-08-14 04:00:00,BUY,0.47,0.65252,0.65648,0.65052,0.65652,186.12,TP,regime_weighted_vote,25
2025-08-14 05:00:00,2025-08-14 09:00:00,BUY,0.48,0.65576,0.65372,0.65376,0.65976,-97.92,SL,regime_weighted_vote,4
2025-08-14 10:00:00,2025-08-14 16:00:00,SELL,0.48,0.65318,0.64922,0.65518,0.64918,190.08,TP,regime_weighted_vote,6
2025-08-14 16:00:00,2025-08-15 10:00:00,SELL,0.49,0.64905,0.65109,0.65105,0.64505,-99.96,SL,regime_weighted_vote,18
2025-08-15 15:00:00,2025-08-18 17:00:00,BUY,0.48,0.65157,0.64953,0.64957,0.65557,-97.92,SL,regime_weighted_vote,26
2025-08-18 15:00:00,2025-08-19 17:00:00,SELL,0.48,0.65065,0.64669,0.65265,0.64665,190.08,TP,regime_weighted_vote,26
2025-08-19 18:00:00,2025-08-21 08:00:00,SELL,0.49,0.64573,0.64177,0.64773,0.64173,194.04,TP,regime_weighted_vote,38
2025-08-21 15:00:00,2025-08-22 17:00:00,SELL,0.5,0.64193,0.64397,0.64393,0.63793,-102.0,SL,regime_weighted_vote,26
2025-08-22 17:00:00,2025-08-25 04:00:00,BUY,0.49,0.64929,0.64725,0.64729,0.65329,-99.96,SL,regime_weighted_vote,11
2025-08-26 05:00:00,2025-08-26 19:00:00,SELL,0.49,0.64796,0.65,0.64996,0.64396,-99.96,SL,regime_weighted_vote,14
2025-08-25 06:00:00,2025-08-27 11:00:00,BUY,0.49,0.64868,0.64664,0.64668,0.65268,-99.96,SL,regime_weighted_vote,53
2025-08-27 11:00:00,2025-08-27 18:00:00,SELL,0.48,0.64698,0.64902,0.64898,0.64298,-97.92,SL,regime_weighted_vote,7
2025-08-28 00:00:00,2025-08-29 17:00:00,BUY,0.47,0.65017,0.65413,0.64817,0.65417,186.12,TP,regime_weighted_vote,41
2025-08-29 20:00:00,2025-09-02 10:00:00,BUY,0.48,0.65436,0.65232,0.65236,0.65836,-97.92,SL,regime_weighted_vote,38
2025-09-02 05:00:00,2025-09-02 10:00:00,SELL,0.48,0.65441,0.65045,0.65641,0.65041,190.08,TP,regime_weighted_vote,5
2025-09-02 11:00:00,2025-09-03 12:00:00,SELL,0.49,0.65124,0.65328,0.65324,0.64724,-99.96,SL,regime_weighted_vote,25
2025-09-03 05:00:00,2025-09-04 17:00:00,BUY,0.48,0.65205,0.65001,0.65005,0.65605,-97.92,SL,regime_weighted_vote,36
2025-09-04 14:00:00,2025-09-05 08:00:00,SELL,0.48,0.65154,0.65358,0.65354,0.64754,-97.92,SL,regime_weighted_vote,18
2025-09-05 03:00:00,2025-09-05 15:00:00,BUY,0.47,0.65262,0.65658,0.65062,0.65662,186.12,TP,regime_weighted_vote,12
2025-09-05 15:00:00,2025-09-05 17:00:00,BUY,0.48,0.65716,0.65512,0.65516,0.66116,-97.92,SL,regime_weighted_vote,2
2025-09-05 17:00:00,2025-09-08 16:00:00,BUY,0.48,0.65568,0.65964,0.65368,0.65968,190.08,TP,regime_weighted_vote,23
2025-09-08 16:00:00,2025-09-10 17:00:00,BUY,0.49,0.65898,0.66294,0.65698,0.66298,194.04,TP,regime_weighted_vote,49
2025-09-10 17:00:00,2025-09-11 00:00:00,BUY,0.5,0.66282,0.66078,0.66082,0.66682,-102.0,SL,regime_weighted_vote,7
2025-09-11 02:00:00,2025-09-11 12:00:00,BUY,0.49,0.66186,0.65982,0.65986,0.66586,-99.96,SL,regime_weighted_vote,10
2025-09-11 06:00:00,2025-09-11 16:00:00,SELL,0.49,0.66119,0.66323,0.66319,0.65719,-99.96,SL,regime_weighted_vote,10
2025-09-12 13:00:00,2025-09-15 18:00:00,SELL,0.48,0.66483,0.66687,0.66683,0.66083,-97.92,SL,regime_weighted_vote,29
2025-09-11 16:00:00,2025-09-16 03:00:00,BUY,0.48,0.66346,0.66742,0.66146,0.66746,190.08,TP,regime_weighted_vote,59
2025-09-16 12:00:00,2025-09-16 20:00:00,SELL,0.48,0.66667,0.66871,0.66867,0.66267,-97.92,SL,regime_weighted_vote,8
2025-09-16 03:00:00,2025-09-17 21:00:00,BUY,0.49,0.66676,0.66472,0.66476,0.67076,-99.96,SL,regime_weighted_vote,42
2025-09-17 11:00:00,2025-09-17 21:00:00,SELL,0.48,0.667,0.66904,0.669,0.663,-97.92,SL,regime_weighted_vote,10
2025-09-17 22:00:00,2025-09-18 09:00:00,SELL,0.47,0.66579,0.66183,0.66779,0.66179,186.12,TP,regime_weighted_vote,11
2025-09-18 16:00:00,2025-09-22 10:00:00,SELL,0.48,0.66198,0.65802,0.66398,0.65798,190.08,TP,regime_weighted_vote,42
2025-09-22 10:00:00,2025-09-22 15:00:00,SELL,0.49,0.65789,0.65993,0.65989,0.65389,-99.96,SL,regime_weighted_vote,5
2025-09-22 13:00:00,2025-09-24 19:00:00,BUY,0.49,0.65951,0.65747,0.65751,0.66351,-99.96,SL,regime_weighted_vote,54
2025-09-25 13:00:00,2025-09-25 15:00:00,BUY,0.48,0.659,0.65696,0.657,0.663,-97.92,SL,regime_weighted_vote,2
2025-09-24 16:00:00,2025-09-25 16:00:00,SELL,0.48,0.65915,0.65519,0.66115,0.65515,190.08,TP,regime_weighted_vote,24
2025-09-25 16:00:00,2025-09-29 06:00:00,SELL,0.48,0.65452,0.65656,0.65652,0.65052,-97.92,SL,regime_weighted_vote,38
2025-09-29 03:00:00,2025-09-30 07:00:00,BUY,0.48,0.65562,0.65958,0.65362,0.65962,190.08,TP,regime_weighted_vote,28
2025-09-30 12:00:00,2025-10-01 06:00:00,BUY,0.49,0.66118,0.65914,0.65918,0.66518,-99.96,SL,regime_weighted_vote,18
2025-10-02 03:00:00,2025-10-02 17:00:00,BUY,0.48,0.66066,0.65862,0.65866,0.66466,-97.92,SL,regime_weighted_vote,14
2025-10-02 04:00:00,2025-10-02 18:00:00,SELL,0.49,0.66186,0.6579,0.66386,0.65786,194.04,TP,regime_weighted_vote,14
2025-10-03 19:00:00,2025-10-06 00:00:00,BUY,0.48,0.66088,0.65884,0.65888,0.66488,-97.92,SL,regime_weighted_vote,5
2025-10-03 01:00:00,2025-10-06 10:00:00,SELL,0.49,0.65945,0.66149,0.66145,0.65545,-99.96,SL,regime_weighted_vote,33
2025-10-06 16:00:00,2025-10-07 09:00:00,BUY,0.48,0.66161,0.65957,0.65961,0.66561,-97.92,SL,regime_weighted_vote,17
2025-10-07 09:00:00,2025-10-08 09:00:00,SELL,0.47,0.65967,0.65571,0.66167,0.65567,186.12,TP,regime_weighted_vote,24
2025-10-08 13:00:00,2025-10-09 03:00:00,SELL,0.48,0.65745,0.65949,0.65945,0.65345,-97.92,SL,regime_weighted_vote,14
2025-10-08 23:00:00,2025-10-09 17:00:00,BUY,0.48,0.65855,0.65651,0.65655,0.66255,-97.92,SL,regime_weighted_vote,18
2025-10-09 12:00:00,2025-10-09 18:00:00,SELL,0.48,0.6594,0.65544,0.6614,0.6554,190.08,TP,regime_weighted_vote,6
2025-10-09 18:00:00,2025-10-10 18:00:00,SELL,0.48,0.65531,0.65135,0.65731,0.65131,190.08,TP,regime_weighted_vote,24
2025-10-10 18:00:00,2025-10-13 01:00:00,SELL,0.49,0.6492,0.65124,0.6512,0.6452,-99.96,SL,regime_weighted_vote,7
2025-10-13 01:00:00,2025-10-13 04:00:00,SELL,0.49,0.64968,0.65172,0.65168,0.64568,-99.96,SL,regime_weighted_vote,3
2025-10-13 12:00:00,2025-10-14 06:00:00,BUY,0.48,0.65227,0.65023,0.65027,0.65627,-97.92,SL,regime_weighted_vote,18
2025-10-13 15:00:00,2025-10-14 08:00:00,SELL,0.48,0.65076,0.6468,0.65276,0.64676,190.08,TP,regime_weighted_vote,17
2025-10-14 08:00:00,2025-10-14 18:00:00,SELL,0.49,0.64676,0.6488,0.64876,0.64276,-99.96,SL,regime_weighted_vote,10
2025-10-14 18:00:00,2025-10-15 05:00:00,SELL,0.48,0.64894,0.65098,0.65094,0.64494,-97.92,SL,regime_weighted_vote,11
2025-10-15 02:00:00,2025-10-16 21:00:00,BUY,0.48,0.64907,0.64703,0.64707,0.65307,-97.92,SL,regime_weighted_vote,43
2025-10-15 21:00:00,2025-10-17 05:00:00,SELL,0.48,0.65058,0.64662,0.65258,0.64658,190.08,TP,regime_weighted_vote,32
2025-10-17 05:00:00,2025-10-17 14:00:00,SELL,0.48,0.6468,0.64884,0.6488,0.6428,-97.92,SL,regime_weighted_vote,9
2025-10-21 17:00:00,2025-10-22 09:00:00,SELL,0.48,0.64895,0.65099,0.65095,0.64495,-97.92,SL,regime_weighted_vote,16
2025-10-22 21:00:00,2025-10-23 10:00:00,SELL,0.47,0.64847,0.65051,0.65047,0.64447,-95.88,SL,regime_weighted_vote,13
2025-10-24 13:00:00,2025-10-24 15:00:00,SELL,0.47,0.64956,0.6516,0.65156,0.64556,-95.88,SL,regime_weighted_vote,2
2025-10-17 20:00:00,2025-10-26 23:00:00,BUY,0.48,0.64895,0.65291,0.64695,0.65295,190.08,TP,regime_weighted_vote,124
2025-10-27 02:00:00,2025-10-27 10:00:00,SELL,0.47,0.65298,0.65502,0.65498,0.64898,-95.88,SL,regime_weighted_vote,8
2025-10-27 04:00:00,2025-10-28 16:00:00,BUY,0.47,0.65365,0.65761,0.65165,0.65765,186.12,TP,regime_weighted_vote,36
2025-10-28 09:00:00,2025-10-28 16:00:00,SELL,0.47,0.65491,0.65695,0.65691,0.65091,-95.88,SL,regime_weighted_vote,7
2025-10-28 17:00:00,2025-10-29 20:00:00,BUY,0.47,0.65837,0.65633,0.65637,0.66237,-95.88,SL,regime_weighted_vote,27
2025-10-30 06:00:00,2025-10-30 14:00:00,SELL,0.47,0.6593,0.65534,0.6613,0.6553,186.12,TP,regime_weighted_vote,8
2025-11-03 05:00:00,2025-11-03 16:00:00,BUY,0.48,0.65527,0.65323,0.65327,0.65927,-97.92,SL,regime_weighted_vote,11
2025-10-30 22:00:00,2025-11-04 07:00:00,SELL,0.48,0.65529,0.65133,0.65729,0.65129,190.08,TP,regime_weighted_vote,56
2025-11-04 07:00:00,2025-11-05 02:00:00,SELL,0.48,0.65108,0.64712,0.65308,0.64708,190.08,TP,regime_weighted_vote,19
2025-11-05 03:00:00,2025-11-05 05:00:00,SELL,0.49,0.64662,0.64866,0.64862,0.64262,-99.96,SL,regime_weighted_vote,2
2025-11-05 05:00:00,2025-11-05 18:00:00,SELL,0.48,0.64916,0.6512,0.65116,0.64516,-97.92,SL,regime_weighted_vote,13
2025-11-05 19:00:00,2025-11-06 16:00:00,BUY,0.48,0.65059,0.64855,0.64859,0.65459,-97.92,SL,regime_weighted_vote,21
2025-11-06 17:00:00,2025-11-06 21:00:00,SELL,0.47,0.6468,0.64884,0.6488,0.6428,-95.88,SL,regime_weighted_vote,4
2025-11-07 01:00:00,2025-11-10 02:00:00,SELL,0.47,0.64826,0.6503,0.65026,0.64426,-95.88,SL,regime_weighted_vote,25
2025-11-06 16:00:00,2025-11-10 03:00:00,BUY,0.47,0.6481,0.65206,0.6461,0.6521,186.12,TP,regime_weighted_vote,35
2025-11-10 06:00:00,2025-11-12 10:00:00,SELL,0.48,0.65233,0.65437,0.65433,0.64833,-97.92,SL,regime_weighted_vote,52
2025-11-10 03:00:00,2025-11-13 02:00:00,BUY,0.47,0.65171,0.65567,0.64971,0.65571,186.12,TP,regime_weighted_vote,71
2025-11-13 03:00:00,2025-11-13 20:00:00,BUY,0.48,0.65574,0.6537,0.65374,0.65974,-97.92,SL,regime_weighted_vote,17
2025-11-13 21:00:00,2025-11-14 04:00:00,SELL,0.47,0.6527,0.65474,0.6547,0.6487,-95.88,SL,regime_weighted_vote,7
2025-11-14 07:00:00,2025-11-17 20:00:00,SELL,0.47,0.65374,0.64978,0.65574,0.64974,186.12,TP,regime_weighted_vote,37
2025-11-17 21:00:00,2025-11-18 13:00:00,SELL,0.48,0.64824,0.65028,0.65024,0.64424,-97.92,SL,regime_weighted_vote,16
2025-11-18 20:00:00,2025-11-19 03:00:00,BUY,0.47,0.65131,0.64927,0.64931,0.65531,-95.88,SL,regime_weighted_vote,7
2025-11-19 11:00:00,2025-11-20 18:00:00,SELL,0.47,0.64856,0.6446,0.65056,0.64456,186.12,TP,regime_weighted_vote,31
2025-11-20 07:00:00,2025-11-20 18:00:00,BUY,0.47,0.64786,0.64582,0.64586,0.65186,-95.88,SL,regime_weighted_vote,11
2025-11-20 19:00:00,2025-11-24 01:00:00,SELL,0.47,0.64441,0.64645,0.64641,0.64041,-95.88,SL,regime_weighted_vote,30
2025-11-25 06:00:00,2025-11-25 19:00:00,SELL,0.47,0.64529,0.64733,0.64729,0.64129,-95.88,SL,regime_weighted_vote,13
2025-11-21 20:00:00,2025-11-26 03:00:00,BUY,0.47,0.64528,0.64924,0.64328,0.64928,186.12,TP,regime_weighted_vote,55
2025-11-26 04:00:00,2025-11-27 04:00:00,BUY,0.47,0.64922,0.65318,0.64722,0.65322,186.12,TP,regime_weighted_vote,24
2025-11-27 04:00:00,2025-12-02 17:00:00,BUY,0.48,0.65285,0.65681,0.65085,0.65685,190.08,TP,regime_weighted_vote,85
2025-12-02 18:00:00,2025-12-03 17:00:00,BUY,0.49,0.65545,0.65941,0.65345,0.65945,194.04,TP,regime_weighted_vote,23
2025-12-03 18:00:00,2025-12-05 10:00:00,BUY,0.5,0.65905,0.66301,0.65705,0.66305,198.0,TP,regime_weighted_vote,40
2025-12-05 11:00:00,2025-12-09 05:00:00,BUY,0.51,0.66305,0.66101,0.66105,0.66705,-104.04,SL,regime_weighted_vote,42
2025-12-08 17:00:00,2025-12-09 06:00:00,SELL,0.51,0.66164,0.66368,0.66364,0.65764,-104.04,SL,regime_weighted_vote,13
2025-12-10 04:00:00,2025-12-10 21:00:00,SELL,0.5,0.66355,0.66559,0.66555,0.65955,-102.0,SL,regime_weighted_vote,17
2025-12-09 17:00:00,2025-12-10 22:00:00,BUY,0.5,0.66433,0.66829,0.66233,0.66833,198.0,TP,regime_weighted_vote,29
2025-12-10 22:00:00,2025-12-11 02:00:00,BUY,0.51,0.66792,0.66588,0.66592,0.67192,-104.04,SL,regime_weighted_vote,4
2025-12-11 20:00:00,2025-12-12 17:00:00,BUY,0.5,0.66697,0.66493,0.66497,0.67097,-102.0,SL,regime_weighted_vote,21
2025-12-15 15:00:00,2025-12-16 03:00:00,BUY,0.49,0.66496,0.66292,0.66296,0.66896,-99.96,SL,regime_weighted_vote,12
2025-12-12 18:00:00,2025-12-16 15:00:00,SELL,0.5,0.66384,0.66588,0.66584,0.65984,-102.0,SL,regime_weighted_vote,45
2025-12-16 16:00:00,2025-12-16 17:00:00,BUY,0.49,0.66552,0.66348,0.66352,0.66952,-99.96,SL,regime_weighted_vote,1
2025-12-17 03:00:00,2025-12-18 05:00:00,SELL,0.48,0.66318,0.65922,0.66518,0.65918,190.08,TP,regime_weighted_vote,26
2025-12-18 05:00:00,2025-12-18 15:00:00,SELL,0.49,0.65926,0.6613,0.66126,0.65526,-99.96,SL,regime_weighted_vote,10
2025-12-18 16:00:00,2025-12-18 19:00:00,BUY,0.49,0.66225,0.66021,0.66025,0.66625,-99.96,SL,regime_weighted_vote,3
2025-12-19 01:00:00,2025-12-22 09:00:00,SELL,0.48,0.66123,0.66327,0.66323,0.65723,-97.92,SL,regime_weighted_vote,32
2025-12-19 00:00:00,2025-12-22 16:00:00,BUY,0.48,0.661,0.66496,0.659,0.665,190.08,TP,regime_weighted_vote,40
2025-12-22 18:00:00,2025-12-23 12:00:00,BUY,0.48,0.66557,0.66953,0.66357,0.66957,190.08,TP,regime_weighted_vote,18
2025-12-23 12:00:00,2025-12-23 17:00:00,BUY,0.49,0.66952,0.66748,0.66752,0.67352,-99.96,SL,regime_weighted_vote,5
2025-12-24 21:00:00,2025-12-29 05:00:00,SELL,0.49,0.67044,0.67248,0.67244,0.66644,-99.96,SL,regime_weighted_vote,32
2025-12-29 20:00:00,2025-12-30 05:00:00,SELL,0.48,0.66871,0.67075,0.67071,0.66471,-97.92,SL,regime_weighted_vote,9
2025-12-23 19:00:00,2025-12-31 17:00:00,BUY,0.49,0.66885,0.66681,0.66685,0.67285,-99.96,SL,regime_weighted_vote,118
2026-01-02 03:00:00,2026-01-05 05:00:00,BUY,0.47,0.66925,0.66721,0.66725,0.67325,-95.88,SL,regime_weighted_vote,26
2025-12-30 22:00:00,2026-01-05 18:00:00,SELL,0.48,0.66918,0.67122,0.67118,0.66518,-97.92,SL,regime_weighted_vote,68
2026-01-05 18:00:00,2026-01-07 05:00:00,BUY,0.46,0.67167,0.67563,0.66967,0.67567,182.16,TP,regime_weighted_vote,35
2026-01-07 19:00:00,2026-01-08 16:00:00,SELL,0.47,0.67277,0.66881,0.67477,0.66877,186.12,TP,regime_weighted_vote,21
2026-01-08 16:00:00,2026-01-12 10:00:00,SELL,0.48,0.66892,0.67096,0.67092,0.66492,-97.92,SL,regime_weighted_vote,42
2026-01-13 13:00:00,2026-01-13 15:00:00,SELL,0.48,0.67031,0.67235,0.67231,0.66631,-97.92,SL,regime_weighted_vote,2
2026-01-12 03:00:00,2026-01-13 17:00:00,BUY,0.48,0.66979,0.66775,0.66779,0.67379,-97.92,SL,regime_weighted_vote,38
2026-01-13 15:00:00,2026-01-15 05:00:00,SELL,0.48,0.6708,0.66684,0.6728,0.6668,190.08,TP,regime_weighted_vote,38
2026-01-15 18:00:00,2026-01-16 17:00:00,BUY,0.48,0.67041,0.66837,0.66841,0.67441,-97.92,SL,regime_weighted_vote,23
2026-01-16 17:00:00,2026-01-19 07:00:00,SELL,0.47,0.66783,0.66987,0.66983,0.66383,-95.88,SL,regime_weighted_vote,14
2026-01-19 07:00:00,2026-01-20 06:00:00,BUY,0.47,0.66954,0.6735,0.66754,0.67354,186.12,TP,regime_weighted_vote,23
2026-01-21 07:00:00,2026-01-21 10:00:00,SELL,0.48,0.6735,0.67554,0.6755,0.6695,-97.92,SL,regime_weighted_vote,3
2026-01-20 06:00:00,2026-01-22 02:00:00,BUY,0.48,0.67374,0.6777,0.67174,0.67774,190.08,TP,regime_weighted_vote,44
2026-01-22 03:00:00,2026-01-22 19:00:00,BUY,0.48,0.67968,0.68364,0.67768,0.68368,190.08,TP,regime_weighted_vote,16
2026-01-22 19:00:00,2026-01-23 18:00:00,BUY,0.49,0.68398,0.68794,0.68198,0.68798,194.04,TP,regime_weighted_vote,23
2026-01-23 18:00:00,2026-01-26 00:00:00,BUY,0.5,0.68762,0.69158,0.68562,0.69162,198.0,TP,regime_weighted_vote,6
2026-01-26 00:00:00,2026-01-26 01:00:00,BUY,0.51,0.69294,0.6909,0.69094,0.69694,-104.04,SL,regime_weighted_vote,1
2026-01-27 07:00:00,2026-01-27 14:00:00,SELL,0.51,0.6912,0.69324,0.6932,0.6872,-104.04,SL,regime_weighted_vote,7
2026-01-26 01:00:00,2026-01-27 16:00:00,BUY,0.51,0.69137,0.69533,0.68937,0.69537,201.96,TP,regime_weighted_vote,39
2026-01-27 16:00:00,2026-01-27 22:00:00,BUY,0.51,0.69596,0.69992,0.69396,0.69996,201.96,TP,regime_weighted_vote,6
2026-01-27 22:00:00,2026-01-28 03:00:00,BUY,0.52,0.70047,0.69843,0.69847,0.70447,-106.08,SL,regime_weighted_vote,5
2026-01-28 03:00:00,2026-01-28 22:00:00,BUY,0.52,0.69858,0.70254,0.69658,0.70258,205.92,TP,regime_weighted_vote,19
2026-01-28 21:00:00,2026-01-28 22:00:00,SELL,0.52,0.70084,0.70288,0.70284,0.69684,-106.08,SL,regime_weighted_vote,1
2026-01-28 22:00:00,2026-01-29 05:00:00,BUY,0.52,0.70274,0.7067,0.70074,0.70674,205.92,TP,regime_weighted_vote,7
2026-01-29 05:00:00,2026-01-29 10:00:00,BUY,0.53,0.70783,0.70579,0.70583,0.71183,-108.12,SL,regime_weighted_vote,5
2026-01-29 10:00:00,2026-01-29 12:00:00,BUY,0.53,0.706,0.70396,0.704,0.71,-108.12,SL,regime_weighted_vote,2
2026-01-29 12:00:00,2026-01-29 16:00:00,BUY,0.52,0.70323,0.70719,0.70123,0.70723,205.92,TP,regime_weighted_vote,4
2026-01-29 18:00:00,2026-01-29 19:00:00,SELL,0.53,0.7008,0.70284,0.7028,0.6968,-108.12,SL,regime_weighted_vote,1
2026-01-30 09:00:00,2026-01-30 13:00:00,SELL,0.53,0.69972,0.70176,0.70172,0.69572,-108.12,SL,regime_weighted_vote,4
2026-01-30 16:00:00,2026-01-30 19:00:00,SELL,0.52,0.70114,0.69718,0.70314,0.69714,205.92,TP,regime_weighted_vote,3
2026-02-02 01:00:00,2026-02-02 02:00:00,SELL,0.53,0.69427,0.69631,0.69627,0.69027,-108.12,SL,regime_weighted_vote,1
2026-02-02 06:00:00,2026-02-02 11:00:00,SELL,0.52,0.69397,0.69601,0.69597,0.68997,-106.08,SL,regime_weighted_vote,5
2026-02-02 21:00:00,2026-02-03 02:00:00,SELL,0.52,0.6944,0.69644,0.6964,0.6904,-106.08,SL,regime_weighted_vote,5
2026-02-02 19:00:00,2026-02-03 05:00:00,BUY,0.52,0.69523,0.69919,0.69323,0.69923,205.92,TP,regime_weighted_vote,10
2026-02-03 06:00:00,2026-02-03 09:00:00,BUY,0.52,0.70077,0.70473,0.69877,0.70477,205.92,TP,regime_weighted_vote,3
2026-02-03 08:00:00,2026-02-03 09:00:00,SELL,0.53,0.70168,0.70372,0.70368,0.69768,-108.12,SL,regime_weighted_vote,1
2026-02-03 09:00:00,2026-02-03 11:00:00,BUY,0.53,0.70424,0.7022,0.70224,0.70824,-108.12,SL,regime_weighted_vote,2
2026-02-03 11:00:00,2026-02-03 17:00:00,BUY,0.52,0.70054,0.6985,0.69854,0.70454,-106.08,SL,regime_weighted_vote,6
2026-02-03 23:00:00,2026-02-04 17:00:00,BUY,0.52,0.70206,0.70002,0.70006,0.70606,-106.08,SL,regime_weighted_vote,18
2026-02-04 18:00:00,2026-02-05 17:00:00,SELL,0.51,0.69939,0.69543,0.70139,0.69539,201.96,TP,regime_weighted_vote,23
2026-02-05 22:00:00,2026-02-06 02:00:00,SELL,0.52,0.69426,0.6903,0.69626,0.69026,205.92,TP,regime_weighted_vote,4
2026-02-06 05:00:00,2026-02-06 08:00:00,SELL,0.53,0.69395,0.69599,0.69595,0.68995,-108.12,SL,regime_weighted_vote,3
2026-02-06 18:00:00,2026-02-09 01:00:00,SELL,0.53,0.70118,0.70322,0.70318,0.69718,-108.12,SL,regime_weighted_vote,7
2026-02-06 17:00:00,2026-02-09 14:00:00,BUY,0.53,0.70055,0.70451,0.69855,0.70455,209.88,TP,regime_weighted_vote,21
2026-02-09 15:00:00,2026-02-09 21:00:00,BUY,0.53,0.70562,0.70958,0.70362,0.70962,209.88,TP,regime_weighted_vote,6
2026-02-09 22:00:00,2026-02-10 06:00:00,BUY,0.54,0.70927,0.70723,0.70727,0.71327,-110.16,SL,regime_weighted_vote,8
2026-02-10 15:00:00,2026-02-11 03:00:00,SELL,0.54,0.70737,0.70941,0.70937,0.70337,-110.16,SL,regime_weighted_vote,12
2026-02-10 17:00:00,2026-02-11 05:00:00,BUY,0.54,0.70846,0.71242,0.70646,0.71246,213.84,TP,regime_weighted_vote,12
2026-02-11 05:00:00,2026-02-11 08:00:00,BUY,0.54,0.71258,0.71054,0.71058,0.71658,-110.16,SL,regime_weighted_vote,3
2026-02-11 08:00:00,2026-02-11 15:00:00,BUY,0.54,0.71063,0.70859,0.70863,0.71463,-110.16,SL,regime_weighted_vote,7
2026-02-11 15:00:00,2026-02-11 17:00:00,BUY,0.53,0.71146,0.70942,0.70946,0.71546,-108.12,SL,regime_weighted_vote,2
2026-02-11 17:00:00,2026-02-12 18:00:00,BUY,0.53,0.71077,0.70873,0.70877,0.71477,-108.12,SL,regime_weighted_vote,25
2026-02-12 15:00:00,2026-02-12 18:00:00,SELL,0.54,0.714,0.71004,0.716,0.71,213.84,TP,regime_weighted_vote,3
2026-02-13 03:00:00,2026-02-13 09:00:00,SELL,0.53,0.7086,0.70464,0.7106,0.7046,209.88,TP,regime_weighted_vote,6
2026-02-13 14:00:00,2026-02-13 15:00:00,SELL,0.54,0.70521,0.70725,0.70721,0.70121,-110.16,SL,regime_weighted_vote,1
2026-02-13 19:00:00,2026-02-16 10:00:00,SELL,0.54,0.70754,0.70958,0.70954,0.70354,-110.16,SL,regime_weighted_vote,15
2026-02-16 03:00:00,2026-02-17 02:00:00,BUY,0.53,0.70841,0.70637,0.70641,0.71241,-108.12,SL,regime_weighted_vote,23
2026-02-16 18:00:00,2026-02-17 17:00:00,SELL,0.53,0.70717,0.70321,0.70917,0.70317,209.88,TP,regime_weighted_vote,23
2026-02-17 17:00:00,2026-02-17 18:00:00,SELL,0.54,0.70422,0.70626,0.70622,0.70022,-110.16,SL,regime_weighted_vote,1
2026-02-18 06:00:00,2026-02-18 20:00:00,BUY,0.53,0.70688,0.70484,0.70488,0.71088,-108.12,SL,regime_weighted_vote,14
2026-02-18 21:00:00,2026-02-19 03:00:00,SELL,0.53,0.70368,0.70572,0.70568,0.69968,-108.12,SL,regime_weighted_vote,6
2026-02-19 10:00:00,2026-02-19 12:00:00,BUY,0.52,0.70694,0.7049,0.70494,0.71094,-106.08,SL,regime_weighted_vote,2
2026-02-19 22:00:00,2026-02-20 04:00:00,SELL,0.52,0.70547,0.70151,0.70747,0.70147,205.92,TP,regime_weighted_vote,6
2026-02-20 17:00:00,2026-02-20 19:00:00,BUY,0.53,0.70855,0.70651,0.70655,0.71255,-108.12,SL,regime_weighted_vote,2
2026-02-20 19:00:00,2026-02-23 01:00:00,SELL,0.52,0.70754,0.70958,0.70954,0.70354,-106.08,SL,regime_weighted_vote,6
2026-02-23 02:00:00,2026-02-23 04:00:00,BUY,0.51,0.70912,0.70708,0.70712,0.71312,-104.04,SL,regime_weighted_vote,2
2026-02-24 10:00:00,2026-02-24 14:00:00,BUY,0.51,0.70635,0.70431,0.70435,0.71035,-104.04,SL,regime_weighted_vote,4
2026-02-23 19:00:00,2026-02-25 02:00:00,SELL,0.51,0.70579,0.70783,0.70779,0.70179,-104.04,SL,regime_weighted_vote,31
2026-02-25 03:00:00,2026-02-25 19:00:00,BUY,0.5,0.70776,0.71172,0.70576,0.71176,198.0,TP,regime_weighted_vote,16
2026-02-25 23:00:00,2026-02-26 16:00:00,BUY,0.51,0.71226,0.71022,0.71026,0.71626,-104.04,SL,regime_weighted_vote,17
2026-02-26 18:00:00,2026-02-26 22:00:00,SELL,0.5,0.70899,0.71103,0.71099,0.70499,-102.0,SL,regime_weighted_vote,4
2026-02-27 01:00:00,2026-02-27 06:00:00,SELL,0.5,0.71013,0.71217,0.71213,0.70613,-102.0,SL,regime_weighted_vote,5
2026-02-27 05:00:00,2026-02-27 15:00:00,BUY,0.49,0.7118,0.70976,0.7098,0.7158,-99.96,SL,regime_weighted_vote,10
2026-03-02 07:00:00,2026-03-02 12:00:00,SELL,0.49,0.70764,0.70968,0.70964,0.70364,-99.96,SL,regime_weighted_vote,5
2026-03-02 15:00:00,2026-03-02 16:00:00,SELL,0.48,0.70565,0.70769,0.70765,0.70165,-97.92,SL,regime_weighted_vote,1
2026-03-03 02:00:00,2026-03-03 08:00:00,BUY,0.48,0.71002,0.70798,0.70802,0.71402,-97.92,SL,regime_weighted_vote,6
2026-03-03 12:00:00,2026-03-03 14:00:00,SELL,0.47,0.70224,0.70428,0.70424,0.69824,-95.88,SL,regime_weighted_vote,2
2026-03-03 15:00:00,2026-03-03 16:00:00,BUY,0.47,0.70113,0.69909,0.69913,0.70513,-95.88,SL,regime_weighted_vote,1
2026-03-03 17:00:00,2026-03-03 18:00:00,SELL,0.46,0.69942,0.70146,0.70142,0.69542,-93.84,SL,regime_weighted_vote,1
2026-03-03 23:00:00,2026-03-04 03:00:00,SELL,0.46,0.70347,0.69951,0.70547,0.69947,182.16,TP,regime_weighted_vote,4
2026-03-04 07:00:00,2026-03-04 08:00:00,SELL,0.47,0.69993,0.70197,0.70193,0.69593,-95.88,SL,regime_weighted_vote,1
2026-03-04 18:00:00,2026-03-05 05:00:00,BUY,0.46,0.70704,0.705,0.70504,0.71104,-93.84,SL,regime_weighted_vote,11
2026-03-05 16:00:00,2026-03-05 18:00:00,SELL,0.46,0.70359,0.69963,0.70559,0.69959,182.16,TP,regime_weighted_vote,2
2026-03-05 21:00:00,2026-03-06 02:00:00,BUY,0.47,0.69814,0.7021,0.69614,0.70214,186.12,TP,regime_weighted_vote,5
2026-03-06 10:00:00,2026-03-06 11:00:00,BUY,0.48,0.70383,0.70179,0.70183,0.70783,-97.92,SL,regime_weighted_vote,1
2026-03-06 12:00:00,2026-03-06 20:00:00,SELL,0.47,0.70089,0.70293,0.70289,0.69689,-95.88,SL,regime_weighted_vote,8
2026-03-09 00:00:00,2026-03-09 07:00:00,SELL,0.47,0.69794,0.69998,0.69994,0.69394,-95.88,SL,regime_weighted_vote,7
2026-03-09 13:00:00,2026-03-09 18:00:00,BUY,0.46,0.70135,0.70531,0.69935,0.70535,182.16,TP,regime_weighted_vote,5
2026-03-09 22:00:00,2026-03-10 04:00:00,BUY,0.47,0.70751,0.70547,0.70551,0.71151,-95.88,SL,regime_weighted_vote,6
2026-03-10 08:00:00,2026-03-10 16:00:00,BUY,0.47,0.7093,0.71326,0.7073,0.7133,186.12,TP,regime_weighted_vote,8
2026-03-10 17:00:00,2026-03-10 20:00:00,BUY,0.48,0.71492,0.71288,0.71292,0.71892,-97.92,SL,regime_weighted_vote,3
2026-03-11 02:00:00,2026-03-11 04:00:00,BUY,0.47,0.71297,0.71693,0.71097,0.71697,186.12,TP,regime_weighted_vote,2
2026-03-11 06:00:00,2026-03-11 09:00:00,BUY,0.48,0.71816,0.71612,0.71616,0.72216,-97.92,SL,regime_weighted_vote,3
2026-03-11 09:00:00,2026-03-11 11:00:00,BUY,0.48,0.71635,0.71431,0.71435,0.72035,-97.92,SL,regime_weighted_vote,2
2026-03-11 14:00:00,2026-03-11 16:00:00,BUY,0.47,0.71461,0.71857,0.71261,0.71861,186.12,TP,regime_weighted_vote,2
2026-03-12 01:00:00,2026-03-12 03:00:00,SELL,0.48,0.71279,0.71483,0.71479,0.70879,-97.92,SL,regime_weighted_vote,2
2026-03-12 06:00:00,2026-03-12 10:00:00,SELL,0.48,0.71226,0.7143,0.71426,0.70826,-97.92,SL,regime_weighted_vote,4
2026-03-12 14:00:00,2026-03-12 16:00:00,SELL,0.47,0.71298,0.70902,0.71498,0.70898,186.12,TP,regime_weighted_vote,2
2026-03-12 16:00:00,2026-03-13 08:00:00,SELL,0.48,0.70892,0.70496,0.71092,0.70492,190.08,TP,regime_weighted_vote,16
2026-03-13 17:00:00,2026-03-16 09:00:00,SELL,0.49,0.70011,0.70215,0.70211,0.69611,-99.96,SL,regime_weighted_vote,16
2026-03-16 09:00:00,2026-03-16 13:00:00,BUY,0.48,0.70126,0.70522,0.69926,0.70526,190.08,TP,regime_weighted_vote,4
2026-03-16 16:00:00,2026-03-17 15:00:00,BUY,0.49,0.70625,0.71021,0.70425,0.71025,194.04,TP,regime_weighted_vote,23
2026-03-17 15:00:00,2026-03-17 17:00:00,BUY,0.5,0.71107,0.70903,0.70907,0.71507,-102.0,SL,regime_weighted_vote,2
2026-03-17 17:00:00,2026-03-18 07:00:00,SELL,0.5,0.70985,0.71189,0.71185,0.70585,-102.0,SL,regime_weighted_vote,14
2026-03-17 20:00:00,2026-03-18 14:00:00,BUY,0.5,0.71044,0.7084,0.70844,0.71444,-102.0,SL,regime_weighted_vote,18
2026-03-18 15:00:00,2026-03-18 17:00:00,SELL,0.49,0.70652,0.70856,0.70852,0.70252,-99.96,SL,regime_weighted_vote,2
2026-03-18 21:00:00,2026-03-19 04:00:00,SELL,0.48,0.70348,0.70552,0.70548,0.69948,-97.92,SL,regime_weighted_vote,7
2026-03-19 06:00:00,2026-03-19 11:00:00,SELL,0.48,0.70366,0.7057,0.70566,0.69966,-97.92,SL,regime_weighted_vote,5
2026-03-19 15:00:00,2026-03-19 17:00:00,SELL,0.47,0.70383,0.70587,0.70583,0.69983,-95.88,SL,regime_weighted_vote,2
2026-03-20 05:00:00,2026-03-20 12:00:00,BUY,0.47,0.70818,0.70614,0.70618,0.71218,-95.88,SL,regime_weighted_vote,7
2026-03-20 13:00:00,2026-03-20 16:00:00,SELL,0.46,0.70783,0.70387,0.70983,0.70383,182.16,TP,regime_weighted_vote,3
2026-03-20 19:00:00,2026-03-20 20:00:00,BUY,0.47,0.7034,0.70136,0.7014,0.7074,-95.88,SL,regime_weighted_vote,1
2026-03-20 22:00:00,2026-03-22 23:00:00,BUY,0.47,0.70208,0.70004,0.70008,0.70608,-95.88,SL,regime_weighted_vote,1
2026-03-20 16:00:00,2026-03-23 02:00:00,SELL,0.47,0.70336,0.6994,0.70536,0.69936,186.12,TP,regime_weighted_vote,10
2026-03-23 02:00:00,2026-03-23 08:00:00,SELL,0.47,0.69933,0.69537,0.70133,0.69533,186.12,TP,regime_weighted_vote,6
2026-03-23 08:00:00,2026-03-23 10:00:00,SELL,0.48,0.6955,0.69754,0.6975,0.6915,-97.92,SL,regime_weighted_vote,2
2026-03-23 10:00:00,2026-03-23 12:00:00,SELL,0.48,0.69657,0.69261,0.69857,0.69257,190.08,TP,regime_weighted_vote,2
2026-03-23 12:00:00,2026-03-23 13:00:00,SELL,0.49,0.69216,0.6942,0.69416,0.68816,-99.96,SL,regime_weighted_vote,1
2026-03-23 13:00:00,2026-03-23 14:00:00,SELL,0.48,0.69843,0.70047,0.70043,0.69443,-97.92,SL,regime_weighted_vote,1
2026-03-23 22:00:00,2026-03-24 02:00:00,BUY,0.48,0.70095,0.69891,0.69895,0.70495,-97.92,SL,regime_weighted_vote,4
2026-03-24 12:00:00,2026-03-24 22:00:00,SELL,0.47,0.69751,0.69955,0.69951,0.69351,-95.88,SL,regime_weighted_vote,10
2026-03-25 13:00:00,2026-03-26 13:00:00,SELL,0.47,0.69655,0.69259,0.69855,0.69255,186.12,TP,regime_weighted_vote,24
2026-03-26 15:00:00,2026-03-26 21:00:00,SELL,0.48,0.69233,0.68837,0.69433,0.68833,190.08,TP,regime_weighted_vote,6
2026-03-26 21:00:00,2026-03-26 22:00:00,SELL,0.49,0.68758,0.68962,0.68958,0.68358,-99.96,SL,regime_weighted_vote,1
2026-03-26 22:00:00,2026-03-27 06:00:00,SELL,0.48,0.68855,0.69059,0.69055,0.68455,-97.92,SL,regime_weighted_vote,8
2026-03-27 14:00:00,2026-03-30 02:00:00,SELL,0.48,0.68856,0.6846,0.69056,0.68456,190.08,TP,regime_weighted_vote,11
2026-03-30 10:00:00,2026-03-31 04:00:00,SELL,0.49,0.68497,0.68701,0.68697,0.68097,-99.96,SL,regime_weighted_vote,18
2026-03-31 07:00:00,2026-03-31 10:00:00,SELL,0.48,0.68428,0.68632,0.68628,0.68028,-97.92,SL,regime_weighted_vote,3
2026-03-31 11:00:00,2026-03-31 17:00:00,BUY,0.48,0.68607,0.68403,0.68407,0.69007,-97.92,SL,regime_weighted_vote,6
2026-03-31 21:00:00,2026-04-01 09:00:00,BUY,0.47,0.68897,0.69293,0.68697,0.69297,186.12,TP,regime_weighted_vote,12
2026-04-01 10:00:00,2026-04-02 04:00:00,BUY,0.48,0.69281,0.69077,0.69081,0.69681,-97.92,SL,regime_weighted_vote,18
2026-04-02 05:00:00,2026-04-02 17:00:00,SELL,0.48,0.68862,0.69066,0.69062,0.68462,-97.92,SL,regime_weighted_vote,12
2026-04-03 02:00:00,2026-04-03 18:00:00,BUY,0.47,0.69106,0.68902,0.68906,0.69506,-95.88,SL,regime_weighted_vote,16
2026-04-03 18:00:00,2026-04-06 05:00:00,SELL,0.47,0.68911,0.69115,0.69111,0.68511,-95.88,SL,regime_weighted_vote,11
2026-04-06 10:00:00,2026-04-06 20:00:00,BUY,0.46,0.69286,0.69082,0.69086,0.69686,-93.84,SL,regime_weighted_vote,10
2026-04-07 02:00:00,2026-04-07 11:00:00,SELL,0.46,0.69152,0.69356,0.69352,0.68752,-93.84,SL,regime_weighted_vote,9
2026-04-06 20:00:00,2026-04-07 20:00:00,BUY,0.46,0.69139,0.69535,0.68939,0.69539,182.16,TP,regime_weighted_vote,24
2026-04-07 20:00:00,2026-04-08 01:00:00,BUY,0.46,0.69534,0.6993,0.69334,0.69934,182.16,TP,regime_weighted_vote,5
2026-04-08 01:00:00,2026-04-08 22:00:00,BUY,0.47,0.70484,0.7028,0.70284,0.70884,-95.88,SL,regime_weighted_vote,21
2026-04-09 03:00:00,2026-04-09 16:00:00,SELL,0.46,0.70342,0.70546,0.70542,0.69942,-93.84,SL,regime_weighted_vote,13
2026-04-09 19:00:00,2026-04-10 07:00:00,BUY,0.46,0.70854,0.7065,0.70654,0.71254,-93.84,SL,regime_weighted_vote,12
2026-04-10 23:00:00,2026-04-13 00:00:00,BUY,0.46,0.7067,0.70466,0.7047,0.7107,-93.84,SL,regime_weighted_vote,1
2026-04-13 09:00:00,2026-04-13 17:00:00,SELL,0.45,0.70434,0.70638,0.70634,0.70034,-91.8,SL,regime_weighted_vote,8
2026-04-13 17:00:00,2026-04-14 11:00:00,BUY,0.45,0.70648,0.71044,0.70448,0.71048,178.2,TP,regime_weighted_vote,18
2026-04-14 16:00:00,2026-04-15 00:00:00,BUY,0.46,0.71372,0.71168,0.71172,0.71772,-93.84,SL,regime_weighted_vote,8
2026-04-15 01:00:00,2026-04-15 21:00:00,BUY,0.45,0.71279,0.71675,0.71079,0.71679,178.2,TP,regime_weighted_vote,20
2026-04-15 21:00:00,2026-04-16 19:00:00,BUY,0.46,0.71742,0.71538,0.71542,0.72142,-93.84,SL,regime_weighted_vote,22
2026-04-16 18:00:00,2026-04-17 15:00:00,SELL,0.46,0.71681,0.71885,0.71881,0.71281,-93.84,SL,regime_weighted_vote,21
2026-04-17 12:00:00,2026-04-17 16:00:00,BUY,0.45,0.71721,0.72117,0.71521,0.72121,178.2,TP,regime_weighted_vote,4
2026-04-17 16:00:00,2026-04-17 18:00:00,BUY,0.46,0.72103,0.71899,0.71903,0.72503,-93.84,SL,regime_weighted_vote,2
2026-04-17 18:00:00,2026-04-20 00:00:00,SELL,0.45,0.71892,0.71496,0.72092,0.71492,178.2,TP,regime_weighted_vote,6
2026-04-20 09:00:00,2026-04-20 18:00:00,SELL,0.46,0.71549,0.71753,0.71749,0.71149,-93.84,SL,regime_weighted_vote,9
2026-04-20 19:00:00,2026-04-21 10:00:00,BUY,0.46,0.71723,0.71519,0.71523,0.72123,-93.84,SL,regime_weighted_vote,15
2026-04-22 09:00:00,2026-04-22 15:00:00,BUY,0.45,0.71678,0.71474,0.71478,0.72078,-91.8,SL,regime_weighted_vote,6
2026-04-22 20:00:00,2026-04-23 20:00:00,SELL,0.45,0.71597,0.71201,0.71797,0.71197,178.2,TP,regime_weighted_vote,24
2026-04-24 19:00:00,2026-04-27 00:00:00,BUY,0.45,0.7151,0.71306,0.7131,0.7191,-91.8,SL,regime_weighted_vote,5
2026-04-23 21:00:00,2026-04-27 03:00:00,SELL,0.46,0.71348,0.71552,0.71548,0.70948,-93.84,SL,regime_weighted_vote,30
2026-04-27 03:00:00,2026-04-27 17:00:00,BUY,0.45,0.7157,0.71966,0.7137,0.7197,178.2,TP,regime_weighted_vote,14
2026-04-28 02:00:00,2026-04-28 09:00:00,BUY,0.46,0.71901,0.71697,0.71701,0.72301,-93.84,SL,regime_weighted_vote,7
2026-04-29 03:00:00,2026-04-29 05:00:00,BUY,0.45,0.71858,0.71654,0.71658,0.72258,-91.8,SL,regime_weighted_vote,2
2026-04-27 13:00:00,2026-04-29 16:00:00,SELL,0.46,0.71858,0.71462,0.72058,0.71458,182.16,TP,regime_weighted_vote,51
2026-04-29 17:00:00,2026-04-30 14:00:00,SELL,0.46,0.71403,0.71607,0.71603,0.71003,-93.84,SL,regime_weighted_vote,21
2026-04-30 14:00:00,2026-04-30 21:00:00,BUY,0.45,0.71531,0.71927,0.71331,0.71931,178.2,TP,regime_weighted_vote,7
2026-05-01 10:00:00,2026-05-04 13:00:00,BUY,0.46,0.71952,0.71748,0.71752,0.72352,-93.84,SL,regime_weighted_vote,27
2026-05-04 10:00:00,2026-05-05 08:00:00,SELL,0.46,0.71901,0.71505,0.72101,0.71501,182.16,TP,regime_weighted_vote,22
2026-05-05 18:00:00,2026-05-06 06:00:00,BUY,0.47,0.71941,0.72337,0.71741,0.72341,186.12,TP,regime_weighted_vote,12
2026-05-06 06:00:00,2026-05-06 13:00:00,BUY,0.48,0.7232,0.72716,0.7212,0.7272,190.08,TP,regime_weighted_vote,7
2026-05-06 13:00:00,2026-05-06 14:00:00,BUY,0.48,0.72683,0.72479,0.72483,0.73083,-97.92,SL,regime_weighted_vote,1
2026-05-06 14:00:00,2026-05-06 16:00:00,BUY,0.48,0.72502,0.72298,0.72302,0.72902,-97.92,SL,regime_weighted_vote,2
2026-05-06 16:00:00,2026-05-07 22:00:00,BUY,0.48,0.72342,0.72138,0.72142,0.72742,-97.92,SL,regime_weighted_vote,30
2026-05-07 23:00:00,2026-05-08 08:00:00,SELL,0.47,0.72056,0.7226,0.72256,0.71656,-95.88,SL,regime_weighted_vote,9
2026-05-08 18:00:00,2026-05-11 00:00:00,BUY,0.47,0.72413,0.72209,0.72213,0.72813,-95.88,SL,regime_weighted_vote,6
2026-05-11 00:00:00,2026-05-11 06:00:00,BUY,0.46,0.7219,0.72278,0.7199,0.7259,40.48,EOD,regime_weighted_vote,6
2026-05-11 01:00:00,2026-05-11 06:00:00,SELL,0.46,0.72326,0.72286,0.72526,0.71926,18.4,EOD,regime_weighted_vote,5
